model,cell,construction,seed,params,flops_G,mAP50,mAP50_95,da_mIoU,da_fg_iou,lane_mIoU,lane_fg_iou,det_AP50_small,det_AP50_medium,det_AP50_large,det_AP5095_small,det_AP5095_medium,det_AP5095_large,det_recall50_small,det_recall50_medium,det_recall50_large,p50_latency_ms,p95_latency_ms,eval_fps,gpu_memory_mib,parameters,flops,metric_path
baseline,base_s0,lean + old anchors,0,201366,1.0796,0.3543,0.1273,0.8488,0.7612,0.5847,0.1943,,,,,,,,,,8.536,9.823,178.18,30.5,201366,1079628800.0,experiments/phase4a/exp4A_r2_z16_e20_eval/metrics.json
baseline,base_s1,lean + old anchors,1,201366,1.0796,0.3452,0.119,0.8552,0.7707,0.5808,0.1884,0.2169,0.3054,0.2109,0.0587,0.1421,0.1241,0.7098,0.9149,0.9581,2.66,2.745,152.78,30.5,201366,1079628800.0,experiments/phase6/round4/r4_R4A0o1_eval/metrics.json
baseline,base_s2,lean + old anchors,2,201366,1.0796,0.3521,0.1267,0.853,0.7675,0.5862,0.1968,0.2087,0.3559,0.2762,0.0571,0.1702,0.1649,0.6991,0.9094,0.959,2.344,2.441,156.75,30.5,201366,1079628800.0,experiments/phase6/round4/r4_R4A0o2_eval/metrics.json
+Detection,det_s0,lean + k-means,0,201366,1.0796,0.4908,0.2112,0.842,0.7511,0.5844,0.1936,0.2999,0.5859,0.5785,0.0928,0.3375,0.3924,0.7113,0.9695,0.9869,2.522,2.569,160.07,30.5,201366,1079628800.0,experiments/phase6c/exp9_r2z16_km_eval/metrics.json
+Detection,det_s1,lean + k-means,1,201366,1.0796,0.4982,0.2171,0.8567,0.773,0.5824,0.191,,,,,,,,,,2.345,2.356,158.79,30.5,201366,1079628800.0,experiments/phase4a/exp4B_danc_z16_e20_s1_eval/metrics.json
+Detection,det_s2,lean + k-means,2,201366,1.0796,0.496,0.2142,0.8555,0.7711,0.5813,0.1893,,,,,,,,,,3.365,5.918,119.71,30.5,201366,1079628800.0,experiments/phase4a/exp4B_danc_z16_e20_s2_eval/metrics.json
+Lane,lane_s0,lean + full 1/4 + old,0,201878,1.6391,0.3612,0.1292,0.8533,0.7678,0.5988,0.2192,,,,,,,,,,2.464,2.831,141.34,42.2,201878,1639142400.0,experiments/phase4a/exp4B_l14f1_z16_e20_eval/metrics.json
+Lane,lane_s1,lean + full 1/4 + old,1,201878,1.6391,0.3553,0.1268,0.8546,0.7698,0.5954,0.2136,,,,,,,,,,2.437,2.523,137.55,42.2,201878,1639142400.0,experiments/phase4a/exp4B_l14f1_z16_e20_s1_eval/metrics.json
+Lane,lane_s2,lean + full 1/4 + old,2,201878,1.6391,0.36,0.1294,0.8565,0.7726,0.5999,0.2212,,,,,,,,,,2.672,2.679,138.7,42.2,201878,1639142400.0,experiments/phase4a/exp4B_l14f1_z16_e20_s2_eval/metrics.json
+Both,both_s0,lean + full 1/4 + k-means,0,201878,1.6391,0.5047,0.221,0.8551,0.7705,0.5962,0.2149,,,,,,,,,,2.709,2.964,146.38,42.2,201878,1639142400.0,experiments/phase6/exp6_combo20_eval/metrics.json
+Both,both_s1,lean + full 1/4 + k-means,1,201878,1.6391,0.4931,0.2131,0.8548,0.77,0.5938,0.2112,,,,,,,,,,2.414,2.439,149.13,42.2,201878,1639142400.0,experiments/phase6/exp6_combo20_s1_eval/metrics.json
+Both,both_s2,lean + full 1/4 + k-means,2,201878,1.6391,0.4964,0.2159,0.8551,0.7705,0.5952,0.2132,,,,,,,,,,2.511,3.003,138.51,42.2,201878,1639142400.0,experiments/phase6/exp6_combo20_s2_eval/metrics.json
B,R2thin_s0,lean + thin 1/4 h16 + k-means,0,192566,1.1656,0.4954,0.2146,0.8528,0.767,0.5946,0.2121,0.3013,0.5975,0.5913,0.0928,0.3471,0.4046,0.7194,0.9707,0.9869,2.351,2.371,162.3,34.1,192566,1165644800.0,experiments/phase6/round4/r4_R4R2thin_eval/metrics.json
B,R2thin_s1,lean + thin 1/4 h16 + k-means,1,192566,1.1656,0.4967,0.2168,0.8587,0.7759,0.5936,0.2105,0.3001,0.6032,0.6579,0.0924,0.3507,0.4471,0.7054,0.9712,0.9892,2.403,2.556,162.39,34.1,192566,1165644800.0,experiments/phase6/round4/r4_R4R2s1_eval/metrics.json
B,R2thin_s2,lean + thin 1/4 h16 + k-means,2,192566,1.1656,0.5012,0.2186,0.857,0.7733,0.5994,0.2199,0.3002,0.6316,0.6586,0.0931,0.3603,0.446,0.6995,0.9732,0.9877,2.457,2.875,152.74,34.1,192566,1165644800.0,experiments/phase6/round4/r4_R4R2s2_eval/metrics.json
R3min,R3min_s0,lean + min 1/4 h8 + k-means,0,189638,1.0174,0.4912,0.2132,0.8444,0.7547,0.4959,0.0,0.2911,0.6146,0.5969,0.0891,0.3556,0.4063,0.7078,0.9728,0.9868,2.25,2.269,157.2,33.3,189638,1017369600.0,experiments/phase6/round4/r4_R4R3min_eval/metrics.json
R1up,R1up_s0,"lean + 1/4 h32, no lateral + k-means",0,201366,1.6129,0.4942,0.2133,0.8491,0.7616,0.5923,0.2078,0.3061,0.5985,0.5683,0.0955,0.3453,0.3921,0.7086,0.9717,0.9852,2.386,2.798,155.68,32.4,201366,1612928000.0,experiments/phase6/round4/r4_R4R1up_eval/metrics.json
U,U_s0,uniform + 1/8 + k-means,0,333862,1.665,0.5332,0.2426,0.8557,0.7715,0.5874,0.1999,0.3436,0.6488,0.6654,0.1139,0.3924,0.474,0.7265,0.9752,0.9882,2.341,2.537,183.81,40.9,333862,1664992000.0,experiments/phase6c/exp9_aunif_km_eval/metrics.json
U,U_s1,uniform + 1/8 + k-means,1,333862,1.665,0.5407,0.2445,0.8654,0.786,0.5851,0.1961,0.3545,0.6413,0.6981,0.116,0.3892,0.4938,0.7382,0.9745,0.9916,2.409,2.582,181.92,40.9,333862,1664992000.0,experiments/phase6/round4/r4_R4Us1_eval/metrics.json
U,U_s2,uniform + 1/8 + k-means,2,333862,1.665,0.5406,0.246,0.8675,0.7891,0.5891,0.2024,0.3427,0.6756,0.6729,0.1118,0.4073,0.4725,0.7232,0.9754,0.9903,2.304,2.414,145.5,40.9,333862,1664992000.0,experiments/phase6/round4/r4_R4Us2_eval/metrics.json
Uminus,Umin_s0,uniform + 1/4 h8 + k-means,0,322390,1.6158,0.5326,0.2413,0.8535,0.7682,0.4959,0.0,0.3455,0.6285,0.6905,0.1136,0.3824,0.4885,0.725,0.9744,0.9907,2.441,2.527,182.76,40.8,322390,1615840000.0,experiments/phase6/round4/r4_R4Umin_eval/metrics.json
